"day","dev","stage"
1,"8.7197801453972",0
2,"8.022886814117157",0
3,"13.060287111709602",0
4,"20.465905038545195",1