{"deviations":[{"day":1,"dev":"8.7197801453972","stage":0},{"day":2,"dev":"8.022886814117157","stage":0},{"day":3,"dev":"13.060287111709602","stage":0},{"day":4,"dev":"20.465905038545195","stage":1}]}